{
    "kaerve": {
        "akash": {
            "self": [
                1633373529.7693524,
                1633373552.222251,
                1633373577.3164709,
                1633373609.1876442,
                1633373610.4593627,
                1633373610.6412156
            ],
            "describer": {
                "tesla": [
                    1633373529.7693524,
                    1633373552.222251,
                    1633373577.3164709,
                    1633373609.1876442,
                    1633373610.4593627,
                    1633373610.6412156
                ]
            },
            "property": {
                "valzkai ae": [
                    1633373529.7693524
                ]
            }
        }
    },
    "otha": {
        "akash": {
            "self": [
                1633373529.7693524,
                1633373552.222251
            ],
            "describer": {
                "tesla": [
                    1633373529.7693524,
                    1633373552.222251
                ]
            },
            "property": {
                "valzkai ae": [
                    1633373529.7693524
                ]
            }
        }
    },
    "othaa": {
        "akash": {
            "self": [
                1633373577.3164709
            ],
            "describer": {
                "tesla": [
                    1633373577.3164709
                ]
            }
        }
    }
}